{
  "name": "uw-sheet",
  "title": "Character Sheet for Uncharted Worlds",
  "description": "Just a Character Sheet for Uncharted Worlds.",
  "author": "spidamoo",
  "version": "0.1.8",
  "minimumCoreVersion": "0.6.2",
  "compatibleCoreVersion": "0.6.2",
  "scripts": ["./uw-sheet.js"],
  "systems": ["worldbuilding"],
  "manifest": "https://raw.githubusercontent.com/spidamoo/foundry-uw-sheet/master/module.json",
  "download": "https://github.com/spidamoo/foundry-uw-sheet/raw/master/uw-sheet.zip"
}